nazwa,kategoria nadrzedna,aktywny,opis
Soczewki kontaktowe,,1,
Dla niego,,1,"W kategorii dla niego znajdują się produkty przeznaczone do pielęgnacji ciała, twarzy i włosów, a także dezodoranty i antyperspiranty skutecznie hamujące nadmierną potliwość. Ponadto w ofercie sprzedaży posiadamy także witaminy i mikroelementy, które wspomagają funkcjonowanie prostaty, wzmacniają potencję oraz łagodzą objawy andropauzy."
Sprzęt medyczny,,1,"Oprócz szerokiego asortymentu leków i suplementów diety, proponujemy także wysokiej jakości sprzęt medyczny i rehabilitacyjny. Dysponujemy profesjonalnymi ciśnieniomierzami, inhalatorami, glukometrami oraz pulsometrami. Proponujemy również różnego rodzaju akcesoria medyczne, aparaty do masażu stóp i testy diagnostyczne do wykonywania w warunkach domowych."
Artykuły higieniczne,,1,"Chusteczki nawilżające, preparaty do oczyszczania uszu, płyny do higieny intymnej, pumeksy i pilniki do paznokci – to przykładowe artykuły higieniczne, które można znaleźć w ofercie naszej apteki. Oferujemy także wysokiej jakości hipoalergiczną chemię gospodarczą: proszki do prania (ekologiczne oraz dla skóry wrażliwej), płyny do mycia naczyń np. hipoalergiczne, odplamiacze i wybielacze, środki do dezynfekcji oraz wiele innych produktów przystosowanych dla alergików."
Higiena jamy ustnej,,1,"Właściwa higiena jamy ustnej jest niezbędna do utrzymania zębów i dziąseł w dobrej kondycji. By nie utracić pięknego uśmiechu, poza wizytami u lekarza stomatologa, warto wykonywać proste czynności obniżające ryzyko wystąpienia próchnicy czy innych schorzeń. 
W tym celu oferujemy szeroki wybór past do zębów, nici dentystycznych, płynów do płukania jamy ustnej i wielu innych produktów."
Zdrowa żywność,,1,"Kwestii zdrowego odżywiania poświęca się coraz więcej uwagi. Szczególny nacisk kładzie się na spożywanie produktów organicznych, bazujących na naturalnych składnikach. W ofercie naszej apteki można znaleźć ekologiczne produkty bezglutenowe i bezlaktozowe, różnego rodzaju oleje roślinne tłoczone na zimno, kawy przyjazne dla żołądka oraz wiele innych produktów o dobroczynnym wpływie na zdrowie."
Dla sportowców,,1,"Odżywki i suplementy diety tworzone z myślą o osobach aktywnych fizycznie pomagają osiągnąć maksymalną formę sportową. Preparaty te dostępne są bez recepty, nie wpływają na gospodarkę hormonalną, wspomagają budowę tkanki mięśniowej i nie wywołują efektów ubocznych. W ofercie posiadamy odżywki wysokobiałkowe, węglowodanowe, a także zawierające aminokwasy. "
Testy diagnostyczne,,1,"Testy diagnostyczne przeznaczone do domowego użytku znajdują zastosowanie w wielu różnych działach medycyny, takich jak gastrologia czy ginekologia . Poza testami ciążowymi, oferujemy szeroki wybór testów płodności, wykrywających antygeny czy służących do oznaczania poziomu cholesterolu. Wykonuje się je głównie w oparciu o mocz, krew, kał oraz ślinę."
Higiena dzieci,,1,
Pielęgnacja dzieci,,1,"Prawidłowa pielęgnacja dziecka ma znaczenie nie tylko dla jego zdrowia i właściwego rozwoju, ale także dla dobrego samopoczucia każdego dnia. Dostępne w tej kategorii kosmetyki są dedykowane dla maluchów by łagodnie oczyszczać naskórek i wzmacniać jego naturalną barierę ochronną. Każdy z produktów zapewnia właściwy poziom nawilżenia i zapobiega nadmiernej suchości skóry."
Dermokosmetyki do ciała,,1,"Wrażliwa, podatna na podrażnienia i alergie skóra wymaga specjalnej pielęgnacji. Najlepszym wyborem są preparaty pozbawione sztucznych konserwantów, barwników i aromatów. Przedstawiamy sprawdzone dermokosmetyki polskich i zagranicznych marek."
Zdrowie dzieci,,1,"W trosce o zdrowie dzieci i niemowląt już od pierwszych dni życia stworzono szereg specjalistycznych preparatów leczniczych oraz suplementów diety. Dostępne w tej kategorii produkty pomagają zwalczyć kolkę, bóle brzuszka, wzdęcia czy złagodzić dolegliwości towarzyszące ząbkowaniu. Poza lekami, oferujemy również suplementy diety wspomagające apetyt oraz redukujące objawy alergii."
Dla dzieci i niemowląt,,1,"Pielęgnacja dzieci oraz niemowląt wymaga doboru odpowiednich preparatów pielęgnacyjnych oraz różnego rodzaju akcesoriów. Szczególnie ważne jest dbanie o wyjątkowo delikatny naskórek dzieci, by zapobiegać podrażnieniom oraz powstawaniu odparzeń. Oferujemy szeroką gamę kosmetyków hipoalergicznych, artykułów higienicznych, akcesoriów do kąpieli i wiele innych produktów."
Bez recepty,,1,"Oferujemy szeroki wybór preparatów bez recepty, które zwalczają ból, łagodzą objawy alergii, wspierają prawidłową pracę układu krążenia, a także wspomagają płodność. Wszystkie proponowane leki i suplementy diety umożliwiają samodzielne leczenie i zwalczanie wielu uciążliwych dolegliwości."
pielęgnacja zarostu,Dla niego,1,"Noszenie brody stało się ostatnimi czasy bardzo modne. Panowie z zarostem i to pokaźnym, przyciągają uwagę i nierzadko podbijają kobiece serca. By jednak faktycznie można było z zainteresowaniem spojrzeć na brodatego mężczyznę, jego zarost musi być zadbany, a to niełatwe zadanie. O czym warto pamiętać i jak przedstawia się pielęgnacja brody?"
Dla mamy i kobiety w ciąży,,1,"Każda kobieta w ciąży musi zadbać nie tylko o siebie, ale również o swoje dziecko. Oferujemy szeroki wybór preparatów mineralno-witaminowych, uzupełniających niedobory składników odżywczych, niezbędnych zarówno dla mamy, jak i jej malucha, a także różnego rodzaju artykuły higieniczne i akcesoria ułatwiające poród oraz opiekę nad noworodkiem."
dezodoranty i antyperspiranty,Dla niego,1,"Dezodoranty i antyperspiranty tworzone dla mężczyzn mają za zadanie nie tylko skutecznie redukować nadmierne pocenie, ale także ograniczać wydzielanie nieprzyjemnego zapachu i zapewniać długotrwały efekt ochronny. Dostępne produkty odznaczają się wysoką skutecznością, a dzięki innowacyjnym formułom nie pozostawiają śladów na ubraniach, przynosząc natychmiastowe uczucie świeżości."
Żywienie dzieci,,1,"Poza mlekiem początkowym, następnym i specjalistycznym, oferujemy szeroką gamę produktów żywieniowych dla dzieci i niemowląt, które zostały wyprodukowane bez dodatku substancji konserwujących oraz barwników. W asortymencie znajdują się między innymi desery, kaszki, zupki, soki, płatki śniadaniowe, herbatki owocowe, a także słodycze."
soczewki kontaktowe,Soczewki kontaktowe,1,"Dla wielu osób możliwość noszenia soczewek kontaktowych jest dużym udogodnieniem. Są nie tylko niezwykle wygodne i komfortowe, nie utrudniają wielu codziennych czynności, ale pozwalają również zwiększyć pewność siebie – nie wszyscy czują się dobrze w okularach, zwłaszcza, jeśli mają problem z dopasowaniem np. opraw do rysów twarzy. Kiedy warto stosować soczewki kontaktowe, co należy o nich wiedzieć?"
Dermokosmetyki do twarzy,,1,"Dostępne w naszej aptece dermokosmetyki do pielęgnacji twarzy to nowoczesne preparaty, które działają łagodnie, nie podrażniając i nie wysuszając skóry. Są przeznaczone zarówno do pielęgnowania cery zdrowej, jak i z różnego rodzaju problemami dermatologicznymi. Wszystkie oferowane dermokosmetyki  są w pełni bezpieczne i zostały starannie przebadane pod kątem dermatologicznym."
preparaty przeciw wypadaniu włosów,Dla niego,1,"Preparaty znajdujące się w tej kategorii zostały stworzone z myślą o mężczyznach obserwujących u siebie nadmierne wypadanie włosów, również o podłożu androgenowym. Dostępne szampony, odżywki oraz kapsułki skutecznie wzmacniają cebulki włosowe, sprawiając, że włosy stają się wyraźnie grubsze, lepiej odżywione oraz odzyskują swój utracony blask."
andropauza,Dla niego,1,"Andropauza jest dość specyficznym okresem w życiu każdego mężczyzny, który zazwyczaj rozpoczyna się po pięćdziesiątym roku życia. Męskim objawom przekwitania mogą towarzyszyć dolegliwości seksualne, psychologiczne oraz somatyczne. Skutecznym sposobem na łagodzenie dolegliwości andropauzy są leki na bazie wyciągów z ziół oraz hormonów steroidowych, zwłaszcza prasteronu."
akcesoria kosmetyczne,Dla niego,1,
hipoalergiczne produkty do prania i czyszczenia,Artykuły higieniczne,1,"Żele i balsamy do mycia naczyń, proszki, listki i płyny do prania, koncentraty do płukania czy chusteczki do czyszczenia akcesoriów - to główne produkty czyszczące i piorące, które można znaleźć w tej kategorii. Proponowane środki posiadają doskonałe właściwości myjące, a dzięki starannie dobranym związkom aktywnym skutecznie usuwają wszelkie zabrudzenia z powierzchni naczyń, tkanin oraz wszystkich powierzchni wymagających dezynfekcji."
dezynfekcja,Artykuły higieniczne,1,"Środki dezynfekujące mają na celu niszczenie drobnoustrojów znajdujących się w zakażonych ranach. Mają one działanie bakteriobójcze, grzybobójcze, wirusobójcze oraz przeciwpierwotniakowe. W naszej aptece oferujemy preparaty do dezynfekowania skóry i błon śluzowych w formie roztworów do przemywania ran, proszków oraz pianek oczyszczająco-pielęgnujących."
płyny do soczewek,Soczewki kontaktowe,1,"Płyny dezynfekujące do soczewek dzięki łagodnym środkom myjąco-pielęgnującym skutecznie usuwają wszelkie zanieczyszczenia i osady, by szkła kontaktowe mogły zachować świeżość i być wygodne w noszeniu przez cały dzień. Dostępne preparaty pozwalają na codzienną regenerację i utrzymywanie wilgotności na powierzchni soczewek, zabijając bakterie mogące powodować zakażenie oka."
ząbkowanie,Zdrowie dzieci,1,
witaminy i mikroelementy,Dla niego,1,"Suplementacja codziennej diety mężczyzn w odpowiednie witaminy i minerały jest niezwykle ważna dla utrzymania prawidłowego poziomu testosteronu, a także do właściwej pracy układu sercowo-naczyniowego, nerwowego czy mięśniowego. Szeroka gama preparatów w formie tabletek i kapsułek została stworzona w ten sposób, by odpowiadać potrzebom mężczyzn w różnym wieku."
zdrowe zęby,Zdrowie dzieci,1,
Akcesoria dziecięce,,1,"Akcesoria dla dzieci są to różnego rodzaju produkty, skonstruowane specjalnie z myślą o najmłodszych. Dopasowane do ich wieku, potrzeb, a nierzadko również płci. Akcesoria dla dzieci charakteryzują się wysoką jakością wykonania, precyzją w doborze materiałów, jak i opatrzeniem niezbędnymi certyfikatami czy też atestami, informującymi o dopuszczeniu do użytkowania przez dzieci. Odpowiednio zaprojektowane akcesoria dla najmłodszych są w stanie nie tylko ułatwiać czynności pielęgnacyjne, ale także wspierać naukę samodzielnego siadania, chodzenia czy spożywania posiłków. Dostępne w tej kategorii artykuły cechują się wysoką jakością i funkcjonalnością, pozwalając maluchowi czuć się bezpiecznie i pewnie na każdym etapie życia. Poza akcesoriami do butelek, takimi jak smoczki, uchwyty oraz ustniki, proponujemy również szeroką gamę produktów zwiększających bezpieczeństwo dziecka – są to głównie blokady drzwi oraz zabezpieczenia do szafek, szuflad i gniazdek. W tej kategorii można także znaleźć zabawki stymulujące rozwój dzieci: grzechotki, karuzele, maty edukacyjne oraz interaktywne książeczki."
urządzenia medyczne,Dla dzieci i niemowląt,1,"Urządzenia medyczne znajdujące się w tej kategorii doskonale sprawdzają się zarówno przy czynnościach pielęgnacyjnych, jak i przy karmieniu dzieci oraz niemowląt. Poza blenderami, sterylizatorami, lodówkami do mleka i innymi akcesoriami do przygotowywania pokarmu, oferujemy również szeroką gamę termometrów bezdotykowych, do pomiaru temperatury ciała i różnych powierzchni."
"plastry, kompresy, opatrunki",Artykuły higieniczne,1,"Plastry, kompresy, opatrunki, waty oraz gazy są przeznaczone do ogólnego opatrywania ran przy skaleczeniach, a także do stosowania przy zabiegach ambulatoryjnych i stacjonarnych. Poza kompresami z włókniny i ligniną, oferujemy również kompresy chłodzące, skutecznie redukujące ból oraz bezszwowe opaski elastyczne, przeznaczone do wzmacniania oraz ochrony stawów."
żywienie,Dla mamy i kobiety w ciąży,1,"Odpowiednie żywienie to jeden z ważniejszych czynników zapewniających zdrowie każdej przyszłej mamie, a także prawidłowy rozwój jej nienarodzonemu jeszcze maluszkowi. Dostępne w tej kategorii produkty to suplementy diety, które opracowano w ten sposób, by spełniać zarówno oczekiwania kobiet, jak i ich dzieci. Wzmacniają organizm pań w ciąży, a także gwarantują odpowiedni rozwój płodu."
oleje,Żywienie dzieci,1,"Znajdujące się w asortymencie naszej apteki ekologiczne oleje dla dzieci stanowią doskonałą propozycję dla mam, które chcą wzbogacić dietę swoich dzieci w nienasycone kwasy tłuszczowe. Dzięki temu, że zostały wyprodukowane metodą tłoczenia na zimno, zawierają w swoim składzie unikalne składniki odżywcze. Mogą być elementem zrównoważonego żywienia dzieci po ukończeniu czwartego miesiąca życia."
woda,Żywienie dzieci,1,"Woda to jeden z podstawowych składników diety każdego nowonarodzonego maluszka. W trosce o bezpieczeństwo i zdrowie niemowląt, warto sięgnąć po wodę najwyższej jakości, której skład będzie dostosowany do potrzeb małego organizmu. Dostępne w naszej aptece wody dla dzieci mogą być stosowane od pierwszych chwil życia – zawierają właściwą ilość składników mineralnych i doskonale gaszą pragnienie."
żywienie dzieci w chorobie,Żywienie dzieci,1,"By uzupełnić dietę kilkumiesięcznego malucha w niezbędne do właściwego rozwoju witaminy i minerały, warto sięgnąć po odpowiednią odżywkę. Poza preparatami wysokobiałkowymi oraz wysokoenergetycznymi, proponujemy szeroką gamę produktów do postępowania dietetycznego wzbogaconych o probiotyki, które mogą być stosowane w przypadkach osłabienia odporności czy wspomagająco w kolce jelitowej."
słodycze i przekąski,Żywienie dzieci,1,
pielęgnacja rzęs i brwi,Dermokosmetyki do twarzy,1,"Przy pomocy odpowiednio dobranych kosmetyków można nie tylko zagęścić i wydłużyć rzęsy, ale także poprawić ich kondycję. Dostępne w tej kategorii odżywki oraz serum to unikalne preparaty pielęgnacyjne, których formuły zostały wzbogacone składnikami przyspieszającymi wzrost rzęs. Dzięki naturalnym ekstraktom, kosmetyki te są w pełni bezpieczne dla wrażliwej skóry okolic oczu."
soki i nektary,Żywienie dzieci,1,"Łagodne soki oraz nektary owocowe mogą być podawane już od początku rozszerzania diety niemowlęcia. Niska zawartość kwasów, a także naturalnie słodki smak sprawiają, że dostępne produkty nie podrażniają delikatnego przewodu pokarmowego dziecka i są dobrze tolerowane przez mały organizm. Soki i nektary zawierają cenne makro i mikroelementy, wspierając prawidłowy rozwój malucha."
trądzik różowaty,Dermokosmetyki do twarzy,1,"Dostępne w tej kategorii dermokosmetyki są przeznaczone do codziennej pielęgnacji cery ze skłonnością do trądziku różowatego. Kremy, żele oraz emulsje do twarzy oczyszczają skórę z nadmiaru sebum, przywracają jej naturalną równowagę hydrolipidową, a także zmniejszają utrwalony rumień i zaczerwienienie. Dzięki unikalnym formułom, proponowane kosmetyki skutecznie poprawiają kondycję skóry."
ochrona przeciwsłoneczna,Dermokosmetyki do twarzy,1,
bielizna,Dla mamy i kobiety w ciąży,1,
przebarwienia,Dermokosmetyki do twarzy,1,"Przebarwienia oraz różnego rodzaju plamy pigmentacyjne to dość powszechne defekty kosmetyczne, które najczęściej występują na skórze twarzy, dłoni oraz przedramion. Do ich usuwania można wykorzystać preparaty rozjaśniające, które ujednolicają koloryt naskórka, zmniejszają wielkość przebarwień oraz ich intensywność, a za sprawą specjalnych kompleksów wybielających skutecznie blokują syntezę melaniny."
zdrowie,Dla mamy i kobiety w ciąży,1,"Wybór właściwego suplementu diety dla kobiety ciężarnej czy matki karmiącej piersią jest niezwykle ważny, gdyż pozwala uzupełnić codzienną dietę w cenne składniki odżywcze, takie jak witaminy, minerały czy nienasycone kwasy tłuszczowe. Dostępne w tej kategorii preparaty to unikalne produkty, których formuły zostały opracowane w ten sposób, by odpowiadać potrzebom kobiet na różnych etapach ciąży. Poza suplementami zawierającymi w składzie kwas foliowy, oferujemy także bogatą gamę herbatek ziołowych dla mam karmiących piersią, które wspierają proces lakatcji, pomagają pokryć zwiększone zapotrzebowanie na płyny, a także zapewniają dobre samopoczucie zarówno mamie, jak i jej dziecku."
trądzik,Dermokosmetyki do twarzy,1,"Dermokosmetyki to wysokiej jakości produkty, które mogą być używane nie tylko do pielęgnacji skóry, ale również do jej leczenia. Proponujemy szeroką gamę specjalistycznych preparatów w formie kremów, mleczek, toników, peelingów i koncentratów, które odznaczają się silnym działaniem antybakteryjnym, skutecznie zmniejszając poziom natłuszczenia skóry i redukując zaskórniki."
podrażnienia,Dermokosmetyki do twarzy,1,"Podrażnienie naskórka objawia się suchością oraz zaczerwienieniem. Do pielęgnacji wyjątkowo wrażliwej skóry twarzy proponujemy preparaty ze składnikami kojącymi i regenerującymi, które skutecznie eliminują świąd i łagodzą zaczerwienienia. Zawarte w nich pierwiastki, wyciągi roślinne i nienasycone kwasy tłuszczowe doskonale odżywiają, nawilżają i uelastyczniają skórę."
nocniki i podesty,Akcesoria dziecięce,1,
wody termalne,Dermokosmetyki do twarzy,1,"Wody termalne ze względu na swój unikalny skład są polecane do pielęgnacji każdego rodzaju skóry, nawet najbardziej wrażliwej. Kosmetyki te zawierają wysokie stężenie cennych minerałów, zwiększając elastyczność naskórka i wzmacniając jego naturalną barierę ochronną. Mogą być stosowane do pielęgnacji skóry suchej, podrażnionej i po zabiegach dermatologicznych."
spacery i podróże,Akcesoria dziecięce,1,
wsparcie w chorobie,Akcesoria dziecięce,1,
akcesoria do kąpieli,Akcesoria dziecięce,1,
zabawki,Akcesoria dziecięce,1,
pielęgnacja ust,Dermokosmetyki do twarzy,1,"Balsamy, pomadki oraz sztyfty wzbogacone witaminami i wyciągami z roślin są przeznaczone do pielęgnacji ust, zwłaszcza tych popękanych na skutek czynników atmosferycznych lub kuracji farmakologicznych. Dostępne kosmetyki doskonale regenerują i odżywiają wyjątkowo delikatną skórę warg, sprawiając, że usta stają się niezwykle miękkie, gładkie oraz elastyczne."
pielęgnacja twarzy,Dermokosmetyki do twarzy,1,"Kremy, maseczki, peelingi, mgiełki i olejki do pielęgnacji twarzy znajdujące się w tej kategorii to wysokiej jakości kosmetyki dostosowane do potrzeb każdego rodzaju cery. Ich formuły zostały opracowane w ten sposób, by dostarczać skórze niezbędnych związków odżywczych i nawilżających, wspomagając procesy regeneracyjne i przyczyniając się do prawidłowego funkcjonowania naskórka."
smoczki i akcesoria,Akcesoria dziecięce,1,
bezpieczeństwo w domu,Akcesoria dziecięce,1,
pokój dziecięcy,Akcesoria dziecięce,1,
pielęgnacja przeciwzmarszczkowa na dzień,Dermokosmetyki do twarzy,1,
pościel i tekstylia,Akcesoria dziecięce,1,
cera naczynkowa,Dermokosmetyki do twarzy,1,"Kosmetyki do pielęgnacji cery naczynkowej to nie tylko kremy ochronne na dzień i na noc, ale również żele, mleczka oraz wiele innych produktów o działaniu nawilżającym i kojącym podrażnienia. Dostępne w tej kategorii linie dermokosmetyków o zaawansowanych formułach zapewniają dogłębne odżywienie, a dzięki nowatorskim technologiom są polecane do codziennej pielęgnacji skóry naczynkowej."
obiadki,Żywienie dzieci,1,"Gama obiadków dostępnych w tej kategorii została w pełni dostosowana do potrzeb żywieniowych dzieci oraz niemowląt. Każdy produkt został przyrządzony na bazie pełnowartościowych składników, pochodzących ze sprawdzonych źródeł. Proponowane obiadki smakują jak domowe dania, a dzięki wyjątkowo delikatnym konsystencjom, idealnie sprawdzą się do nauki żucia."
zupki,Żywienie dzieci,1,"Pełne witamin i minerałów, lekkostrawne i bez dodatku substancji konserwujących – oto pełnowartościowe zupki dla dzieci, które zawierają najważniejsze składniki odżywcze w odpowiednich proporcjach. Proponowane produkty są smaczne i aromatyczne, a co więcej, doskonale zaspokajają głód. Mogą stanowić ważny element prawidłowego żywienia dzieci i niemowląt."
"oczyszczanie twarzy, demakijaż",Dermokosmetyki do twarzy,1,"Wody micelarne, żele, mleczka, emulsje oraz pianki oczyszczające są zalecane do codziennego demakijażu każdego rodzaju skóry. Dostępne produkty skutecznie oczyszczają naskórek z resztek makijażu i zanieczyszczeń, wspomagając jego naturalną barierę ochronną. Każdy z kosmetyków doskonale nawilża i wygładza, dodając cerze świeżości oraz młodzieńczego wigoru."
kaszki,Żywienie dzieci,1,"Kaszki Bobovita, Hipp, Humana, Lebenswert oraz Nestle to lekkostrawne i pełnowartościowe posiłki, które są smaczne, delikatne w smaku, a swoją konsystencją zostały dopasowane do wieku maluchów. Dostępne produkty mogą być podawane z mlekiem lub wodą, ale odżywczy posiłek będą stanowić również z dodatkiem owoców czy jogurtu. Każda z kaszek może być ważnym elementem codziennej diety dziecka."
kosmetyki,Dla mamy i kobiety w ciąży,1,"Odpowiednia pielęgnacja skóry w ciąży oraz po urodzeniu dziecka jest niezwykle ważna, zwłaszcza jeśli chcemy zapobiec nieestetycznym rozstępom, cellulitowi czy przebarwieniom. Znajdujące się w asortymencie naszej apteki kosmetyki dla mam oraz kobiet w ciąży zostały wyprodukowane na bazie przebadanych i sprawdzonych składników, dzięki którym są w pełni bezpieczne."
makijaż,Dermokosmetyki do twarzy,1,"Kosmetyki do makijażu cieszą się dużym zainteresowaniem. Są dostosowane do potrzeb skóry z różnymi problemami, dzięki czemu skutecznie maskują nie tylko zmiany trądzikowe czy przebarwienia, ale także blizny, a nawet zmarszczki. W ofercie posiadamy szeroką gamę podkładów we fluidzie, korektorów, błyszczyków, cieni do powiek i wielu innych produktów do makijażu."
herbatki,Żywienie dzieci,1,
homeopatia,Bez recepty,1,"Leki homeopatyczne cieszą się coraz większym uznaniem na rynku, gdyż są produkowane na bazie surowców pochodzenia roślinnego, zwierzęcego lub mineralnego. Preparaty te nie wywołują działań niepożądanych, dlatego mogą być podawane również dzieciom i osobom starszym. Skutecznie zwalczają ból gardła, nudności, zawroty głowy, infekcje dróg moczowych i wiele innych dolegliwości."
akcesoria,Dla mamy i kobiety w ciąży,1,"Zarówno w trakcie ciąży, jak i późniejszego okresu laktacji, każda mama powinna zadbać 
o komfort swój oraz swojego niemowlęcia. Akcesoria dostępne w tej kategorii to starannie zaprojektowane wyroby, których celem jest zmniejszenie bólu porodowego, wsparcie w naturalnym karmieniu dziecka piersią, a także ułatwienie opieki nad nowonarodzonym maluszkiem."
pielęgnacja przeciwzmarszczkowa na noc,Dermokosmetyki do twarzy,1,
zdrowe oczy,Bez recepty,1,"Chcesz poprawić swoje widzenie lub pozbyć się uciążliwych objawów zmęczenia oczu? 
W tej kategorii znajdziesz szeroki wybór preparatów, które pomogą nawilżyć wysuszone spojówki, chroniąc ich powierzchnię i przynosząc szybką ulgę dla oczu. Oferujemy krople do oczu, preparaty mineralno-witaminowe, a także środki przeznaczone do pielęgnacji soczewek kontaktowych."
artykuły higieniczne,Dla mamy i kobiety w ciąży,1,"Podkłady higieniczne, majki poporodowe, kompresy żelowe, a także wkładki laktacyjne to akcesoria, które stworzono w trosce o dobro kobiet w okresie ciąży, połogu oraz karmienia piersią. Dostępne artykuły zostały wykonane z nietoksycznych materiałów, dzięki czemu są w pełni bezpieczne zarówno dla mam, jak i ich dzieci. Wszystkie wyroby cechują się doskonałą jakością i funkcjonalnością."
mleka,Żywienie dzieci,1,"W poszukiwaniu odpowiedniego mleka dla dziecka, warto zapoznać się z ofertą produktów znajdujących się w naszej aptece. Proponujemy szeroki wybór mlek dla dzieci i niemowląt od urodzenia, a także produktów specjalistycznych: przeciw ulewaniu, biegunkom i zapobiegających kolkom. Asortyment wzbogaciliśmy o mleka przeznaczone dla maluchów z tendencją do alergii."
"stawy, mięśnie, kości",Bez recepty,1,"Bóle stawów mogą być objawami wielu chorób, którym można skutecznie przeciwdziałać. W profilaktyce schorzeń stawów, mięśni i kości są polecane przede wszystkim preparaty zawierające w składzie glukozaminę, która jest podstawową substancją chrząstki. Przyjmowanie takich suplementów diety korzystnie wpływa na właściwości stawów, polepszając kondycję całego układu ruchowego."
seks i antykoncepcja,Bez recepty,1,"By sprawić, by kontakty seksualne stały się jeszcze bardziej przyjemne, warto sięgnąć po odpowiednie preparaty oraz akcesoria. Oferujemy szeroką gamę produktów nawilżających jak i środków zapobiegających ciąży: prezerwatyw, wkładek i globulek antykoncepcyjnych."
przeziębienie i grypa,Bez recepty,1,"Gdy domowe sposoby walki z przeziębieniem czy grypą okażą się nieskuteczne, warto sięgnąć po preparaty dostępne bez recepty. W tej kategorii znajduje się szeroki wybór tabletek musujących, kapsułek, syropów, a także preparatów rozgrzewających, które są przeznaczone do łagodzenia objawów infekcji wirusowych, takich jak kaszel, katar, ból gardła, gorączka czy bóle mięśni."
desery,Żywienie dzieci,1,Desery dla dzieci i niemowląt przygotowane zgodnie z najwyższymi standardami jakości to znakomity pomysł na smaczne drugie śniadanie lub podwieczorek. Mogą także stanowić znakomitą przekąskę w ciągu dnia. Dostępne produkty są delikatne w smaku i świetnie sprawdzą się przy rozpoczęciu odstawienia od karmienia piersią. Mogą być podawane maluchom już od czwartego miesiąca życia.
rzuć palenie,Bez recepty,1,"Leczenie uzależnienia od wyrobów tytoniowych nie jest proste i zazwyczaj trwa całymi miesiącami. W celu złagodzenia objawów odstawienia nikotyny, warto sięgnąć po specjalistyczne preparaty, które zostały opracowane z myślą o osobach, które chcą rzucić palenie. Wśród nich są tabletki do ssania, gumy do żucia, spraye, listki oraz plastry, które skutecznie zmniejszają symptomy głodu nikotynowego."
wspomaganie płodności,Bez recepty,1,"By zwiększyć szanse na poczęcie dziecka, warto uzupełnić dietę w składniki wspomagające płodność. Proponujemy szeroki wybór preparatów witaminowo-mineralnych dla kobiet i mężczyzn, których formuły zostały opracowane w ten sposób, by korzystnie wpływać na funkcjonowanie układu rozrodczego. Asortyment wzbogaciliśmy o żele i lubrykanty, które również mogą pomóc w poczęciu potomstwa."
karmienie,Akcesoria dziecięce,1,"W tej kategorii można znaleźć wyłącznie sprawdzone oraz atestowane produkty, które zostały stworzone z myślą o dzieciach i niemowlętach. Poza butelkami i smoczkami, proponujemy także szeroki wybór wysokiej jakości naczyń, sztućców, śliniaków, kubków, pojemników do przechowywania mleka i wiele innych produktów, które ułatwią podawanie posiłków młodszym, jak i starszym dzieciom."
układ pokarmowy,Bez recepty,1,"Dolegliwości występujące ze strony układu pokarmowego mogą w dużej mierze utrudnić codzienne funkcjonowanie. Zgaga, biegunka czy wzdęcia dotyczą sporej liczby osób, które nie do końca wiedzą, jak walczyć z tego typu przypadłościami. Pomocne mogą okazać się leki i suplementy, które polepszają proces trawienia, wspomagają pracę enzymów trawiennych i uzupełniają florę bakteryjną jelit. "
problemy skórne,Bez recepty,1,"Zmagasz się z problemami skórnymi, takimi jak trądzik, grzybica, owrzodzenia, wszawica lub atopowe zapalenie skóry? Jeśli swędzące, łuszczące lub nieestetycznie prezentujące się zmiany na skórze uprzykrzają Ci życie, zapoznaj się z ofertą preparatów dostępnych w naszej aptece. To skuteczne środki, które pomogą Ci uporać się z przykrymi dolegliwościami, by móc na nowo cieszyć się zdrową skórą!"
nutrikosmetyki,Bez recepty,1,"Nutrikosmetyki to suplementy diety o starannie skomponowanym składzie, które mają na celu uzupełnienie brakujących witamin i mikroelementów w jadłospisie. Zażywane doustnie odżywiają, skutecznie regenerują, a także chronią skórę, włosy oraz paznokcie przed działaniem wolnych rodników i niekorzystnych czynników środowiskowych."
zioła,Bez recepty,1,"Zaburzenia trawienia, stany zapalne skóry i błon śluzowych, a także choroby wątroby i dróg żółciowych – to tylko kilka przykładowych schorzeń, których objawy można łagodzić przy pomocy ziół. Oferujemy szeroki wybór starannie skomponowanych mieszanek ziołowych do zaparzania, ziół w tabletkach i kapsułkach, a także nalewek, wyciągów oraz ekstraktów. "
odchudzanie,Bez recepty,1,"Środki wspomagające odchudzanie cieszą się coraz większą popularnością wśród osób, które marzą o szczupłej sylwetce. W ofercie naszej apteki można znaleźć innowacyjne preparaty jedno lub wieloskładnikowe przeznaczone do walki z tkanką tłuszczową. Wśród nich znajdują się suplementy blokujące wchłanianie tłuszczy, oczyszczające organizm, poprawiające metabolizm, a także kontrolujące apetyt."
odporność organizmu,Bez recepty,1,"Wzmocnienie odporności jest szczególnie istotne w okresie jesienno-zimowym. By uzupełnić dietę w składniki korzystnie oddziałujące na system immunologiczny, warto sięgnąć po preparaty dostępne w naszej aptece bez recepty. Zawierają one wyselekcjonowane związki aktywne, które w naturalny sposób wzmacniają barierę ochronną organizmu."
preparaty przeciwbólowe,Bez recepty,1,"Oferujemy szeroki wybór leków przeciwbólowych dostępnych bez recepty, które skutecznie zwalczają dolegliwości bólowe o różnej etiologii. Preparaty w formie kapsułek, tabletek musujących, plastrów, sprayów, żeli oraz czopków szybko i efektywnie zwalczają bóle głowy, kręgosłupa, gardła, zębów czy bóle menstruacyjne. Posiadamy również leki łagodzące ból dla dzieci."
alergia i katar sienny,Bez recepty,1,"Swędzące i łzawiące oczy? Stale cieknący z nosa wodnisty katar? Objawy alergii nie muszą utrudniać codziennego funkcjonowania. Proponujemy szeroką gamę preparatów i leków na alergię, które są stosowane w leczeniu oraz profilaktyce reakcji alergicznych. Asortyment obejmuje krople, aerozole, tabletki, musujące wapno oraz syropy, które wspomagają organizm w alergiach."
witaminy i mikroelementy,Bez recepty,1,"O suplementacji witamin i mikroelementów warto pomyśleć w stanach obniżonej odporności, a także w przypadku, gdy istnieje ryzyko ich niedoboru. Znajdujące się w tej kategorii preparaty stanowią unikalne pod względem składników kompozycje, które w szczególności można polecić osobom, które chcą wzmocnić swój organizm, a także uzupełnić codzienną dietę w cenne związki i minerały."
dla diabetyków,Bez recepty,1,"Cukrzyca jest schorzeniem, które dotyka osoby w różnym wieku. Objawy charakterystyczne dla tej choroby można jednak skutecznie łagodzić przy pomocy dostępnych preparatów bez recepty. Są to różnego rodzaju suplementy witaminowe, odżywki, słodziki oraz środki, które regulują poziom cukru we krwi. Zawarte w nich związki sprzyjają utrzymaniu zrównoważonego metabolizmu węglowodanów."
dobre samopoczucie,Bez recepty,1,"Preparaty poprawiające samopoczucie dostępne bez recepty cieszą się coraz większym zainteresowaniem. Przy ich pomocy można nie tylko uzupełnić codzienną dietę w cenne witaminy i minerały, ale także zmniejszyć napięcie psychiczne, wyeliminować znużenie, odżywić komórki nerwowe czy nawet opóźnić procesy starzenia. Niektóre z nich są zalecane w stanach zmęczenia psychicznego i fizycznego.
"
akcesoria dla dzieci i niemowląt,Dla dzieci i niemowląt,1,"Oferujemy szeroki wybór wysokiej jakości akcesoriów dla dzieci i niemowląt, wśród których można znaleźć między innymi smoczki uspokajające, gryzaki, maty ochronne, przewijaki, artykuły do butelek oraz zabawki. Wszystkie dostępne produkty zapewniają maluchom maksymalną wygodę i wspierają naturalny rozwój, stanowiąc również doskonałą pomoc dla rodziców w opiece nad dzieckiem."
witaminy i minerały,Zdrowie dzieci,1,
drogi moczowo-płciowe,Bez recepty,1,"Układ moczowo-płciowy każdego dnia narażony jest na różnego typu zakażenia i infekcje. By im zapobiegać, warto stosować odpowiednie preparaty odbudowujące jego naturalną barierę ochronną. W tej kategorii poza produktami do celów profilaktycznych, oferujemy także środki zwalczające kamicę, infekcje dróg moczowych oraz przeciwdziałające nietrzymaniu moczu."
pamięć i koncentracja,Bez recepty,1,"Pośpiech, stres, siedzący tryb życia, a także niewłaściwa dieta mogą powodować kłopoty z pamięcią i koncentracją. Dostępne w tej kategorii suplementy diety wspomagają prawidłową pracę układu nerwowego, poprawiają ukrwienie mózgu, a także ułatwiają zapamiętywanie i zdolność koncentracji. Mogą być stosowane w szczególności przy wzmożonym wysiłku umysłowym."
odporność,Zdrowie dzieci,1,
układ pokarmowy,Zdrowie dzieci,1,"Każdy rodzic zaniepokoi się, gdy jego dziecko zacznie uskarżać się na ból brzucha. Wystąpienie dolegliwości może mieć różne przyczyny, dlatego przed ewentualną wizytą u lekarza warto zastanowić się, co mogło spowodować ból. Konieczna jest również obserwacja dziecka i dowiedzenie się, czy maluch uskarża się na coś jeszcze. "
katar,Zdrowie dzieci,1,"Walka z katarem u noworodka i małego dziecka jest bardzo trudna i przysparza rodzicom wiele niepokoju. Podawanie kropli do nosa niemowlakowi jest często niewskazane bądź ograniczone., dlatego trzeba sobie radzić inaczej, ale równie skutecznie. Kiedy drobne naczynka śluzówki nosa przepuszczają na zewnątrz wysięk nazywany katarem, dziecko zaczyna kichać i pokasływać. Zazwyczaj jest to krótko trwający, niegroźny, katar wirusowy, będący jasną, wodnistą wydzieliną, która powoli gęstnieje. Gorzej, jeśli pojawi się u malucha katar bakteryjny, czyli biało-zielonkawa wydzielina ropna, która może zaatakować również zatoki, krtań czy oskrzela. Należy bardzo uważać, gdyż u małego dziecka jest jeszcze słabo wykształcony układ odpornościowy i krótsze drogi oddechowe."
kaszel,Zdrowie dzieci,1,"Kompozycje specjalnie dobranych składników sprawiają, że syropy na kaszel mokry i suchy u dzieci stanowią bezpieczny i skuteczny sposób łagodzenia dolegliwości związanych z objawami zakażenia w obrębie górnych dróg oddechowych. Syropy na kaszel suchy pomagają zmniejszyć częstość i intensywność kaszlu, natomiast syropy na kaszel mokry ułatwiają odkrztuszanie zalegającej wydzieliny."
ból i gorączka,Zdrowie dzieci,1,"Gorączka u dziecka powoduje zazwyczaj dość silny niepokój; jeszcze gorzej, jeśli jest to gorączka u niemowlaka. Okazuje się jednak, że podwyższona temperatura nie zawsze musi oznaczać groźną chorobę. Gorączka może być także objawem np. rumienia nagłego, tzw. trzydniówki, która ustępuje samoistnie. Jak poradzić sobie z gorączką u malucha? Co warto mu podać i kiedy koniecznie należy udać się do lekarza?"
ból gardła,Zdrowie dzieci,1,"Leki wpływające na utrzymanie naturalnej odporności organizmu u dzieci i odkażające jamę ustną są zalecane w miejscowym leczeniu stanów zapalnych gardła, zapalenia krtani oraz migdałków podniebiennych. Poza szeroką gamą preparatów w formie syropów, tabletek i pastylek do ssania, proponujemy również produkty w formie lizaków, które minimalizują ryzyko zakrztuszenia i stanowią wyjątkowo smaczny sposób na walkę z bólem gardła. W tej kategorii można również znaleźć suplementy diety z dodatkiem soku z malin, wyciągu z prawoślazu, ekstraktu z tymianku oraz witaminy C, które wspomagają naturalne mechanizmy obronne organizmu, a także wspierają prawidłową pracę górnych dróg oddechowych."
higiena uszu,Zdrowie dzieci,1,
poprawa koncentracji,Zdrowie dzieci,1,
drogi moczowe,Zdrowie dzieci,1,"Zapalenie pęcherza u dzieci to bez wątpienia jedna z sytuacji, gdy trzeba reagować szybko. Objawy są dość charakterystyczne, dzięki czemu infekcja jest stosunkowo łatwa do rozpoznania. To z kolei pozwala na szybsze działanie. To, co powinno zaniepokoić rodzica, to zgłaszanie przez dziecka trudności z oddawaniem moczu, a także ból, na który się uskarża. Ważne, by jak najszybciej rozpocząć leczenie. Jak się upewnić, że chodzi o zapalenie pęcherza u dzieci i co wtedy robić?"
urazy,Zdrowie dzieci,1,
choroba lokomocyjna,Zdrowie dzieci,1,
alergia,Zdrowie dzieci,1,
odbarwienia skóry,Dermokosmetyki do ciała,1,"Odbarwienia oraz przebarwienia naskórka to dość powszechny problem związany z zaburzeniami koloru skóry. Na ogół są to niewielkie plamy, będące wynikiem tak zwanej hipopigmentacji. Do ich eliminacji polecane są starannie opracowane preparaty, zawierające w składzie substancje o działaniu rozjaśniającym i wygładzającym. Preparaty te są wskazane również do stosowania w bielactwie."
po chemio- i radioterapii,Dermokosmetyki do ciała,1,"Zarówno chemio-, jak i radioterapia powodują, że skóra staje się nadwrażliwa, a także podatna na podrażnienia i uszkodzenia. By przywrócić naskórkowi optymalny poziom nawilżenia oraz wspomóc procesy regeneracyjne, warto sięgnąć po specjalistyczne preparaty pielęgnacyjne. Dostępne oliwki, kremy i balsamy opracowano w ten sposób, by skutecznie poprawiać stan naświetlanych komórek skóry."
dla diabetyków,Dermokosmetyki do ciała,1,"Cukrzyca to choroba ogólnoustrojowa, która bardzo często wiąże się z przesuszoną skórą,  podatną na różnego rodzaju zakażenia grzybicze. Diabetycy do pielęgnacji ciała powinni wybierać preparaty o działaniu nawilżającym i kojącym, pozostawiające na powierzchni skóry barierę ochronną. Dostępne żele, balsamy i kremy zapobiegają utracie wody, a także skutecznie regenerują osłabiony naskórek."
skóra atopowa,Dermokosmetyki do ciała,1,"Skóra atopowa charakteryzuje się dużą suchością, szorstkością oraz zaczerwienieniem. Jej pielęgnowanie nie jest łatwe, ale odpowiednie preparaty mogą złagodzić nieprzyjemne objawy. Proponujemy szeroki wybór dermokosmetyków przeznaczonych dla osób ze skórą atopową, które wykazują działanie zmiękczające, nawilżające, regenerujące, kojące oraz delikatnie natłuszczające."
układ krążenia,Bez recepty,1,"Preparaty usprawniające pracę serca oraz wzmacniające układ krążenia są polecane w profilaktyce chorób sercowo-naczyniowych, takich jak zawały, miażdżyca czy zakrzepy żylne. Ich celem jest przede wszystkim normalizacja poziomu cholesterolu oraz redukcja podwyższonego ciśnienia tętniczego krwi. Dostępne preparaty hamują ponadto zdolność płytek do agregacji i zmniejszają ryzyko zakrzepów."
depilacja,Dermokosmetyki do ciała,1,"By skutecznie i bezboleśnie wyeliminować zbędne owłosienie, warto sięgnąć po dostępne w tej kategorii dermokosmetyki do depilacji. Proponujemy szeroki wybór kremów, żeli, balsamów, a także plastrów zapewniających szybką depilację nawet najbardziej wrażliwych części ciała. Oferujemy również preparaty zapobiegające wrastaniu włosków i spowalniające ich wzrost."
po opalaniu,Dermokosmetyki do ciała,1,"W trakcie opalania naskórek wystawiony jest na intensywne działanie promieni słonecznych, które mogą powodować zaczerwienienia oraz podrażnienia. Dostępne w tej kategorii dermokosmetyki to preparaty chłodzące, regenerujące i nawilżające, które dają przyjemne uczucie ukojenia, utrwalają naturalną opaleniznę, a także zapobiegają przedwczesnemu starzeniu się skóry."
preparaty brązujące,Dermokosmetyki do ciała,1,"Kosmetyki brązujące do ciała stanowią doskonałą alternatywę dla osób, które nie przepadają za nadmiernym eksponowaniem skóry na działanie promieni słonecznych. Umożliwiają uzyskanie naturalnej i pięknej opalenizny bez słońca i samoopalaczy. Dostępne balsamy oraz fluidy brązujące nadają stopniowy efekt brązowawej skóry, dogłębnie odżywiając oraz nawilżając naskórek."
preparaty koloryzujące do włosów,Dermokosmetyki do ciała,1,"Farby, szampony rozjaśniające oraz ziołowe kremy koloryzujące do włosów zapewniają jednolity kolor pasm od nasady, aż po same końce, który pozostaje trwały również między następnymi zabiegami farbowania. Dostępne produkty cechują się delikatnymi formułami i nie zawierają amoniaku, dzięki czemu są bezpieczne dla włosów, zapewniając im naturalny wygląd i wielowymiarowy połysk."
szampony ,Dermokosmetyki do ciała,1,"Poza preparatami do pielęgnacji ciała, dłoni i stóp, oferujemy także szeroki wybór szamponów do codziennej pielęgnacji skóry głowy. Proponujemy skuteczne szampony, które dzięki starannie wyselekcjonowanym związkom wykazują działanie nawilżające, łagodzące, regenerujące, a także przeciwłupieżowe. W asortymencie znajdują się również preparaty przeciw wypadaniu włosów."
aktywatory opalania,Dermokosmetyki do ciała,1,"Preparaty przyspieszające opalanie to doskonała propozycja dla wszystkich tych osób, które marzą o delikatnym pogłębieniu brązowego kolorytu skóry. Dostępne emulsje, spraye oraz balsamy nie tylko pomagają osiągnąć zdrową i piękną opaleniznę, ale dodatkowo przywracają naskórkowi optymalny poziom nawilżenia. Aktywatory opalania mogą być stosowane również przez osoby korzystające z solarium."
samoopalacze,Dermokosmetyki do ciała,1,"By cieszyć się jedwabiście gładką i pięknie opaloną skórą bez eksponowania ciała na promieniowanie słoneczne, można sięgnąć po odpowiednie preparaty samoopalające. Formuły znajdujących się w tej kategorii dermokosmetyków zostały opracowane w ten sposób, by zapewnić jednolitą i trwałą opaleniznę już od pierwszego zastosowania, zapewniając skórze równomierny koloryt oraz zdrowy blask."
stylizacja włosów,Dermokosmetyki do ciała,1,"Kosmetyki do stylizacji włosów pozwalają nie tylko na wygładzenie kosmyków, ale także na utrwalenie fryzury przez cały dzień. Supermocne lakiery, pianki dodające objętości oraz wygładzające spraye zapewniają włosom ochronę przed działaniem wysokiej temperatury, zapobiegając utracie wilgotności i gwarantując nieskazitelną gładkość. Nie sklejają włosów i nadają im sprężystości."
pielęgnacja dłoni,Dermokosmetyki do ciała,1,"Codzienna pielęgnacja dłoni zapobiega procesom starzenia, a także pomaga utrzymać prawidłowy poziom nawilżenia skóry rąk. Składniki aktywne zawarte w kremach, żelach i maskach skutecznie regenerują i wygładzają dłonie narażone na działanie niekorzystnych czynników zewnętrznych. Dzięki starannie opracowanym formułom, pozwalają zachować zdrowy, gładki i aksamitny naskórek."
dezodoranty i antyperspiranty,Dermokosmetyki do ciała,1,"Dezodoranty oraz antyperspiranty w kremie, sprayu oraz w postaci chusteczek są przeznaczone do stosowania na skórę pach, dłoni i stóp. Każdy z dostępnych kosmetyków zapewnia optymalną skuteczność wyhamowania się procesu nadmiernej potliwości, zapobiegając jednocześnie rozwojowi drobnoustrojów, stanowiących główną przyczynę wydzielającej się nieprzyjemnej woni."
pielęgnacja stóp,Dermokosmetyki do ciała,1,"O pielęgnacji wyjątkowo delikatnej i wrażliwej skóry stóp warto pamiętać nie tylko latem. Systematyczne stosowanie kremów zmiękczających naskórek, żeli nawilżających oraz preparatów chroniących przed grzybicą, pozwoli nam cieszyć się zadbanymi stopami o każdej porze roku. Dostępne preparaty pomagają utrzymać świeże i suche stopy, wykazując przy tym działanie antyseptyczne."
pielęgnacja twarzy,Pielęgnacja dzieci,1,
pielęgnacja ciała,Dermokosmetyki do ciała,1,"Dermokosmetyki to preparaty tworzone przy udziale dermatologów oraz farmaceutów. W ten sposób opracowywane są unikalne kompozycje balsamów, kremów, emulsji, żeli oraz wielu innych produktów przeznaczonych do kompleksowej pielęgnacji ciała. Dermokosmetyki, zwane również kosmetykami aptecznymi, są w szczególności polecane do pielęgnowania skóry wrażliwej i skłonnej do podrażnień."
pielęgnacja włosów,Pielęgnacja dzieci,1,
pielęgnacja słoneczna,Pielęgnacja dzieci,1,
ochrona przeciwsłoneczna,Dermokosmetyki do ciała,1,"Odpowiednia ochrona przed intensywnym promieniowaniem słonecznym zmniejsza ryzyko wystąpienia oparzeń oraz długoterminowych uszkodzeń na poziomie skóry właściwej. Emulsje, kremy, mleczka oraz balsamy do opalania z filtrami zapewniają bardzo wysoką ochronę przed niekorzystnym wpływem promieniowania UV, idealnie nawilżając skórę i przeciwdziałając podrażnieniom."
pielęgnacja włosów,Dermokosmetyki do ciała,1,"Odżywki wzmacniające z wodą brzozową, maski intensywnie regenerujące, spraye o działaniu nawilżającym, a także nafty kosmetyczne – to przykładowe kosmetyki, które można znaleźć w tej kategorii. Dostępne produkty są przeznaczone zarówno do włosów zdrowych, jak i osłabionych farbowaniem, rozjaśnianiem, trwałą i wieloma innymi zabiegami fryzjerskimi."
ciemieniucha,Pielęgnacja dzieci,1,"Ciemieniucha nie jest groźna, choć jej objawy mogą szybko zaniepokoić rodziców dziecka. Ciemieniucha pojawia się u noworodków, jednak nie jest wynikiem zaniedbań czy niewłaściwej higieny. Charakterystycznym objawem są żółte, grube łuski, które na pierwszy rzut oka mogą przypominać łupież. Jak sobie radzić z tą dolegliwością? Co warto stosować i kiedy konieczna jest wizyta u lekarza?"
odparzenia,Pielęgnacja dzieci,1,
kąpiel i mycie ciała,Pielęgnacja dzieci,1,"Świeżo upieczeni rodzice zazwyczaj boją się pierwszej kąpieli swojego maluszka. Jest to naturalna reakcja, ponieważ w rękach mają małą, kruchą istotę. Kąpiel noworodka nie musi być jednak trudna i obarczona tak dużym strachem. Wystarczy wiedzieć, jak się do tego zabrać, co przygotować i jakich kosmetyków najlepiej używać. "
higiena jamy ustnej,Higiena dzieci,1,
kompresy ciepło/zimno,Higiena dzieci,1,
atopowe zapalenie skóry,Pielęgnacja dzieci,1,"Kosmetyki dla dzieci i niemowląt z atopowym zapaleniem skóry to wysokiej jakości emolienty, które delikatnie myją, łagodzą podrażnienia, a także ograniczają uczucie świądu. Dostępne szampony, mleczka, balsamy, olejki oraz emulsje do kąpieli długotrwale odbudowują strukturę naskórka, dostarczając mu niezbędnych składników odżywczych i redukując nieprzyjemne uczucie suchości."
plastry dla dzieci,Higiena dzieci,1,
artykuły higieniczne,Higiena dzieci,1,
artykuły kosmetyczne,Higiena dzieci,1,
hipoalergiczne produkty do prania dla dzieci,Higiena dzieci,1,"Hipoalergiczne proszki, koncentraty, balsamy i płatki mydlane przeznaczone do prania pieluszek i ubranek dziecięcych stanowią unikalne formuły, opracowane z myślą o wrażliwej skórze dzieci i niemowląt. Doskonale nadają się do prania odieży białej oraz kolorowej. Każdy z oferowanych środków zachowuje wysokie właściwości piorące zarówno w praniu ręcznym, jak i podczas prania w pralkach automatycznych. "
pielęgnacja ciała,Pielęgnacja dzieci,1,
chusteczki,Higiena dzieci,1,
wykrywające narkotyki,Testy diagnostyczne,1,"Testy diagnostyczne na obecność narkotyków są przeznaczone do wykrywania w moczu takich substancji, jak amfetamina, kokaina, morfina, marihuana, haszysz oraz heroina. Można je stosować wówczas, gdy nie do końca wiadomo, jaki narkotyk został użyty. Dostępne testy są szybkie i proste w wykonaniu – są w stanie wykryć toksyczną substancję nawet po 2-3 dniach od momentu zażycia."
majtki na noc,Higiena dzieci,1,
wykrywające choroby,Testy diagnostyczne,1,"Testy diagnostyczne domowego użytku umożliwiają wczesne wykrywanie objawów, mogących świadczyć o rozwoju groźnych chorób. Ich przeprowadzanie jest szybkie i proste, a odbywa się na podstawie pobranej próbki moczu lub kropli krwi. Wszystkie dostępne testy diagnostyczne odznaczają się wysoką skutecznością, a przy tym są nieinwazyjne i nie wymagają wizyt w specjalistycznych laboratoriach."
wykrywające menopauzę,Testy diagnostyczne,1,"Testy diagnostyczne dostępne w tej kategorii są przeznaczone do szybkiego wykrywania w moczu hormonu FSH, którego wysokie stężenie może wskazywać na menopauzę. Okres ten nie jest chorobą, a naturalnym stanem fizjologicznym, związanym ze stopniowym wygasaniem funkcji hormonalnej jajników. Proponowane testy są proste w użyciu i dają wiarygodny wynik już po kilku minutach."
majtki treningowe,Higiena dzieci,1,"Dostępne w tej kategorii niezwykle chłonne pieluchomajtki są przeznaczone nie tylko dla dzieci z inkontynencją, ale również dla maluchów, które są na etapie nauki kontrolowania oddawania moczu. Anatomiczne wkłady zapewniają wygodę i dobre samopoczucie, a starannie dobrane materiały nie powodują odparzeń. Atutem produktów jest także ciekawe, kolorowe wzornictwo."
testy płodności,Testy diagnostyczne,1,
owulacyjne,Testy diagnostyczne,1,"Testy owulacyjne, nazywane również testami płodności, umożliwiają precyzyjne określenie momentu owulacji. Zostały one stworzone głównie z myślą o parach, które starają się o potomstwo. Dostępne w naszej aptece diagnostyczne testy owulacyjne pozwalają określić płodność kobiety poprzez wykrycie wzrostu stężenia hormonu luteinizującego (LH) w pobranej próbce moczu."
akcesoria,Dla sportowców,1,"Sportowcom oraz osobom aktywnym fizycznie, korzystającym z odżywek sprzyjających w uzyskaniu maksymalnej formy, proponujemy szeroki wybór praktycznych akcesoriów. Są to głównie produkty, które umożliwiają łatwe i szybkie przyrządzanie odżywczych napojów, w kilka chwil doprowadzając je do pożądanej konsystencji. Dostępne wyroby doskonale sprawdzą się zarówno w domu, jak i w podróży."
pieluszki do pływania,Higiena dzieci,1,"Nowatorskie majteczki do pływania dla dzieci i niemowląt zostały wyposażone w specjalne wkłady chłonące, które nie pęcznieją po zanurzeniu w wodzie. Dzięki wyjątkowym konstrukcjom oraz unikalnym materiałom użytym do ich produkcji, dostępne pieluszki nie ulegają zniszczeniu na skutek kontaktu z wodą, zapewniając maluchom pełen komfort i swobodę w trakcie pływania."
nietolerancja pokarmowa,Testy diagnostyczne,1,"Nietolerancje pokarmowe są tak naprawdę szeroką grupą schorzeń. Ich pojawianie się owocuje wystąpieniem nieprawidłowej odpowiedzi organizmu po spożycie danego produktu. Najczęściej mamy do czynienia z nietolerancjami pokarmowymi zależnymi od przeciwciał IgG, które wedle szacunków stanowią nawet połowę pojawiających się nietolerancji pokarmowych"
ciążowe,Testy diagnostyczne,1,"Apteka Gemini oferuje szereg rozwiązań do wczesnego wykrywania ciąży. W asortymencie mniej lub bardziej zaawansowane testy ciążowe diagnostyczne rozmaitych producentów: DIAGNOSIS, HYDREX, GENEXO, NORD FARM, IND DIAGNOSTICS, RADA, QUIDEL. Testy ciążowe dostępne są w wariancie płytkowym bądź strumieniowym."
reduktory tłuszczu,Dla sportowców,1,"Odżywki znajdujące się w tej kategorii są polecane sportowcom oraz osobom aktywnym fizycznie, które dążą do redukcji tłuszczu zapasowego. Zawarte w preparatach związki skutecznie wspomagają proces termogenezy, ułatwiając tym samym spalanie tkanki tłuszczowej i budowę masy mięśniowej. Odżywki zawierające w składzie guaranę i kofeinę dodatkowo niwelują uczucie zmęczenia."
inne,Dla sportowców,1,"Poza bogatym wyborem preparatów wysokobiałkowych i węglowodanowych, w ofercie naszej apteki dostępne są także odżywki skomponowane na bazie witamin i minerałów, których formuły wzbogacono aminokwasami, kolagenem i innymi substancjami. Są one dedykowane nie tylko profesjonalnym sportowcom, ale także osobom aktywnym fizycznie, dążącym do osiągnięcia doskonałej formy."
"napoje, żele",Dla sportowców,1,"Dostępne w tej kategorii żele oraz napoje izotoniczne to preparty polecane w przypadku intensywnego wysiłku fizycznego, w szczególności w momencie pojawienia się pierwszych oznak zmęczenia. Oferowane produkty w maksymalnym stopniu nawadniają organizm, zapewniając mu równowagę elektrolitową oraz skutecznie gasząc pragnienie. Idealne dla kolarzy, biegaczy, pływaków, a także wielu innych sportowców."
witaminy i minerały,Dla sportowców,1,"Suplementy diety w tabletkach i kapsułkach dostępne w tej kategorii, zawierają w swoim składzie wyselekcjonowane składniki witaminowe i mineralne, tak, by wspomagać prawidłowe funkcjonowanie organizmu każdego sportowca. Proponowane odżywki są w szczególności polecane osobom prowadzącym aktywny styl życia, które odczuwają zmęczenie fizyczne oraz psychiczne."
batony,Dla sportowców,1,"Poza szeroką gamą odżywek węglowodanowych, proteinowych czy z aminokwasami, wszystkim sportowcom i osobom aktywnym fizycznie proponujemy batony, które znakomicie sprawdzą się w roli odżywczych przekąsek. Produkty te pomagają zrezygnować ze słodyczy, dostarczając przy tym energii. Są dostępne w różnych wariantach smakowych."
boostery testosteronu,Dla sportowców,1,"Odżywki w formie boosterów testosteronu są przeznaczone dla sportowców oraz osób aktywnych fizycznie. Dostępne produkty cechują się udowodnionym naukowo działaniem, pozwalając utrzymać odpowiednie stężenie testosteronu i redukując uczucie zmęczenia."
odżywki przedtreningowe,Dla sportowców,1,"Odżywki przedtreningowe stanowią doskonałe uzupełnienie dla wszystkich dyscyplin sportowych, które wymagają wzmożonej wytrzymałości, siły oraz energii. Dostępne produkty ze względu na starannie dobrane różne formy składników odżywczych, są niezwykle skuteczne, przyczyniając się do zwiększenia ogólnej wydolności organizmu i wspierając przyrost beztłuszczowej masy mięśniowej."
odżywki potreningowe,Dla sportowców,1,"Precyzyjnie dobrane kompozycje łatwo przyswajalnych węglowodanów, peptydów oraz wolnych aminokwasów zostały stworzone z myślą o osobach aktywnych fizycznie, które chcą wspomóc prawidłowe funkcjonowanie układu mięśniowo-stawowego, a także zmniejszyć czas powysiłkowej regeneracji. Dostępne odżywki dodatkowo zwiększają wytrzymałość wiązadeł i ścięgien na przeciążenia."
HMB,Dla sportowców,1,"Na rynku farmaceutycznym występuje niemała liczba specyfików stworzonych z myślą o sportowcach. Jednym z takich produktów jest HMB, czyli kwas beta-hydroksy-beta-metylomasłowy. Mowa o krótkołańcuchowym kwasie tłuszczowym, który w organizmie wytwarzany jest z aminokwasu leucyny."
smoothie,Zdrowa żywność,1,
pieluszki,Higiena dzieci,1,"Pieluchy to bez wątpienia jeden z ważniejszych elementów wyprawki dla każdego noworodka. Oferujemy szeroki wybór pieluszek, wśród których można znaleźć zarówno pieluchy jedno-, jak i wielorazowe: tetrowe oraz flanelowe. Są to produkty znanych i renomowanych firm, takich jak Beaming, Pampers, oraz Bella Happy. Wszystkie pieluszki odznaczają się wysokim poziomem chłonności."
kreatyna,Dla sportowców,1,"Odżywki z kreatyną stanowią jeden z najbardziej popularnych rodzajów preparatów stosowanych przez sportowców. Tego typu produkty służą przede wszystkim do budowania beztłuszczowej masy mięśniowej oraz zwiększania ogólnej wydolności fizycznej organizmu. Sportowcom i osobom aktywnym fizycznie proponujemy między innymi odżywki zawierające jabłczan, cytrynian lub monohydrat kreatyny."
odżywki węglowodanowe,Dla sportowców,1,"Odżywki węglowodanowe są przeznaczone dla sportowców oraz osób aktywnych fizycznie, które chcą poprawić zdolności wysiłkowe, zwiększając siłę oraz masę mięśni. Dostępne preparaty uzupełniają dietę w takie składniki, jak tauryna, dekstroza oraz magnez, które zapewniają równowagę wodno-elektrolitową, przyczyniając się do intensyfikacji przemian metabolicznych i szybszej regeneracji po treningu."
filtry wody,Zdrowa żywność,1,
herbaty,Zdrowa żywność,1,
masła,Zdrowa żywność,1,"Masło orzechowe – coraz chętniej przez nas wybierane, bo jego charakterystyczny smak świetnie komponuje się z kanapkami, przekąskami, a nawet w ciastach. Choć masło orzechowe ma dużo kalorii, bo aż 600 kcal na 100 gram, to stosowane w umiarze i wtedy, gdy jest dobrej jakości, może być spożywane nawet podczas diety. "
mleko i napoje roślinne,Zdrowa żywność,1,
aminokwasy,Dla sportowców,1,"Odżywki zawierające w swoim składzie aminokwasy, obok suplementów proteinowych czy węglowodanowych, pozwalają sportowcom na osiągnięcie spektakularnych efektów. Dostępne w tej kategorii preparaty dostarczą organizmowi naturalnej glutaminy, argininy, a także beta-alaniny, zwiększając wytrzymałość, a także skutecznie przyspieszając budowę beztłuszczowej masy mięśniowej."
odżywki węglowodanowo-białkowe,Dla sportowców,1,"Profesjonalne odżywki węglowodanowo-białkowe mają za zadanie potęgować przyrost beztłuszczowej masy mięśniowej, a także skracać czas regeneracji powysiłkowej. Kompleksowe kompozycje odpowiednio zestawionych protein oraz węglowodanów są przeznaczone dla osób o zwiększonym zapotrzebowaniu na energię, dążących do szybkiego rozwoju masy oraz siły mięśni."
słodycze i przekąski,Zdrowa żywność,1,"Ciężki dzień w pracy, na uczelni lub w szkole, poranna kawa, chwila przerwy i chęć dodania sobie energii - każdy z nas ma czasem ochotę na coś słodkiego. Słodycze jednak, zwłaszcza w większej ilości, są po prostu niezdrowe; zawierają mnóstwo cukru. Regularne spożywanie słodyczy dostępnych w sklepach czy cukierniach prowadzi nie tylko do otyłości, ale także do wzrostu ryzyka zachorowania na cukrzycę czy inne choroby przewlekłe. Alternatywą są tzw. zdrowe słodycze, czyli przekąski, które wyprodukowano lub przyrządzono z odpowiednich składników."
miody,Zdrowa żywność,1,"Coraz więcej osób sięga po miody ze względu na ich właściwości lecznicze i wyjątkowy smak. Największą popularnością cieszy się miód rzepakowy, lipowy i wielokwiatowy, chociaż na rynku pojawia się także wiele egzotycznych produktów (np. miody z Nowej Zelandii). Miód może być świetnym dodatkiem zarówno do napojów jak i potraw."
inne,Zdrowa żywność,1,
kawa,Zdrowa żywność,1,"Tradycyjna kawa zawiera w składzie substancje, które mogą silnie podrażniać żołądek oraz jelita. Z myślą o osobach cierpiących na różnego rodzaju problemy gastryczne są tworzone produkty na bazie starannie odwoskowanych ziaren kawy. Takie mieszanki również mają właściwości pobudzające, ale są znacznie łatwiej przyswajalne przez organizm i bardziej delikatne dla układu pokarmowego."
odżywki wysokobiałkowe,Dla sportowców,1,"Zaawansowane kompozycje najwyższej jakości pełnowartościowych białek są dedykowane sportowcom i osobom aktywnym fizycznie, dążącym do szybkiego rozwoju masy oraz siły mięśniowej. Odżywki wysokobiałkowe dzięki wysokiej wartości odżywczej, przyczyniają się do wzrostu beztłuszczowej masy mięśni, zapewniając przy tym prawidłowy przebieg procesów metabolicznych."
soki i syropy,Zdrowa żywność,1,
"owoce, nasiona, ziarna",Zdrowa żywność,1,"Naturalne źródło kwasów tłuszczowych, jakie stanowią nasiona szałwii hiszpańskiej, zwane także nasionami chia, to doskonałe urozmaicenie codziennej diety. Zawarty w nich kwas alfa-linolenowy Nasiona chia to także cenne źródło białka i wysoce przyswajalnego błonnika, co czyni z nich doskonałe uzupełnienie tradycyjnych posiłków. Pomagają oczyszczać organizm z toksyn Wartościowych elementów i właściwości nasion chia można wymienić znacznie więcej – zawierają także silne antyoksydanty, takie jak kwas kawowy czy kwas galusowy. Są bogate w wiele witamin, wapń, żelazo, magnez i potas."
oleje,Zdrowa żywność,1,"Naturalne oleje roślinne tłoczone na zimno mają korzystny wpływ na prawidłową pracę mózgu, narządu wzroku czy mięśnia sercowego. Dostępne w tej kategorii produkty znakomicie sprawdzą się jako dodatek do sałatek, surówek, sosów, past oraz zup. Wszystkie oleje cechują się unikalnymi wartościami odżywczymi. Mogą być wykorzystywane również do zabiegów pielęgnacyjnych."
kaszki,Zdrowa żywność,1,"O tym, że spożywanie błonnika ma niezwykle korzystny wpływ na ludzki organizm wiadomo od dawna. By uzupełnić dietę w ten niezwykle istotny kompleks substancji pochodzenia roślinnego, warto sięgnąć po odżywcze kaszki. Dostępne w tej kategorii produkty w formie kaszek mogą stanowić znakomity dodatek do zup, kleików, jogurtów, a także płatków śniadaniowych."
irygatory,Higiena jamy ustnej,1,"W dzisiejszych czasach zęby są wizytówką człowieka i nie można sobie pozwolić na zaniedbania w higienie jamy ustnej. Dbanie o zęby i dziąsła, a także o świeży oddech, jest dla wielu ludzi bardzo ważnym punktem codziennej higieny. Pomocne są wtedy szczoteczki zwykłe czy też elektryczne, płyny do płukania ust, nici dentystyczne, odświeżacze oddechu, wykałaczki i wiele innych przyborów pielęgnacyjnych. Wśród nich są także irygatory, jeszcze nie tak bardzo rozpowszechnione w Polsce, ale zyskują już coraz większą ilość swoich zwolenników."
bakalie,Zdrowa żywność,1,"Dostępne w tej kategorii bakalie oraz mieszanki bakaliowe to starannie dobrane kompozycje orzechów oraz suszonych owoców, które idealnie sprawdzą się jako przekąska w ciągu dnia bądź jako zdrowy dodatek do deserów czy ciast. Oferujemy szeroki wybór mieszanek wieloskładnikowych oraz bakalie jednoskładnikowe: orzechy, migdały, pestki dyni, suszone śliwki i wiele innych."
dieta bezglutenowa,Zdrowa żywność,1,"Produkty bezglutenowe są przeznaczone przede wszystkim dla pacjentów z celiakią. Dostępne w tej kategorii batoniki, biszkopty, krakersy, wafle, chlebki, makarony oraz mąki zostały wyprodukowane bez dodatku mleka, jaj, orzeszków ziemnych, nasion sezamu, łubinu oraz siarki."
sproszkowana żywność,Zdrowa żywność,1,
akcesoria,Higiena jamy ustnej,1,
proszki do zębów,Higiena jamy ustnej,1,
szczoteczki elektryczne i soniczne,Higiena jamy ustnej,1,
problemy stomatologiczne,Higiena jamy ustnej,1,
higiena i pielęgnacja protez,Higiena jamy ustnej,1,"Oferujemy wszystko to, co jest niezbędne do czyszczenia i mocowania protez. Dostępne środki dzięki odpowiedniemu składowi zapewniają nie tylko maksymalną świeżość oraz czystość, ale także działanie antybakteryjne. Kremy i kleje mocujące zapewniają mocne utrzymanie protezy i nie zawierają w składzie sztucznych związków, które mogłyby zmieniać smak pożywienia."
BIO produkty,Zdrowa żywność,1,"Produkty ekologiczne mogą stanowić znakomitą alternatywę dla żywności modyfikowanej, wytwarzanej z dodatkiem konserwantów, barwników i wielu sztucznych polepszaczy. Dostępne kasze, ryże, makarony, oleje, buliony i wiele innych artykułów spożywczych nie zawierają w składzie szkodliwych dla zdrowia substancji. Wszystkie proponowane wyroby posiadają certyfikaty ekologiczne."
higiena aparatów ortodontycznych,Higiena jamy ustnej,1,
płyny do płukania ust,Higiena jamy ustnej,1,"Płyny do płukania ust dostępne w tej kategorii to preparaty przeznaczone do codziennej higieny jamy ustnej. Oferowane produkty pozwalają skutecznie czyścić płytkę nazębną z bakterii, naprawiać strukturę zębów, a także chronić uzębienie przed szkodliwym wpływem kwasów organicznych. Dzięki zawartości minerałów i wyciągów z roślin, działają antyseptycznie, zapobiegając rozwojowi próchnicy."
dieta bezlaktozowa,Zdrowa żywność,1,"Dieta bezlaktozowa wiąże się z wykluczeniem lub ograniczeniem wyrobów mlecznych. Produkty żywnościowe znajdujące się w tej kategorii zostały stworzone z myślą o osobach cierpiących z powodu nietolerancji laktozy. Wyprodukowano je między innymi na bazie mieszanek sojowych, które są w pełni bezpieczne dla układu trawiennego osób dorosłych oraz dzieci przebywających na diecie bezlaktozowej."
higiena uszu,Artykuły higieniczne,1,"Prawidłowa i systematyczna higiena uszu jest niezwykle istotna, chociażby z tego względu, że pozwala zapobiegać problemom ze słuchem. Oferujemy szeroki wybór preparatów przeznaczonych do oczyszczania uszu, które zostały stworzone z myślą o dzieciach i osobach dorosłych. Wszystkie dostępne artykuły gwarantują skuteczne i bezpieczne oczyszczanie przewodów słuchowych."
higiena intymna,Artykuły higieniczne,1,"Higiena intymna to jedna z ważniejszych codziennych czynności, która pozwala nam poczuć się komfortowo oraz świeżo. Dostępne w tej kategorii wkładki, tampony, chusteczki oraz płyny do higieny intymnej w naturalny sposób przywracają równowagę flory bakteryjnej, eliminują podrażnienia, a także stanowią skuteczną ochronę przeciwgrzybiczą i przeciwbakteryjną."
preparaty do wybielania zębów,Higiena jamy ustnej,1,"Innowacyjne systemy wybielające przeznaczone do stosowania w domowych warunkach, pozwalają skutecznie usunąć przebarwienia powstałe na zębach, przywracając im naturalną biel. Dostępne pasty, żele oraz zestawy wybielające zostały stworzone w oparciu o nowatorskie metody wybielania, które są całkowicie bezpieczne dla szkliwa, wybielając nawet trudno dostępne miejsca między zębami."
pasty do zębów,Higiena jamy ustnej,1,"Wybór odpowiedniej pasty to klucz do zdrowych zębów oraz mocnego szkliwa. Dostępne w naszej aptece pasty do zębów to wysokiej jakości produkty chroniące przed próchnicą, zapobiegające utracie minerałów, a także usuwające nieestetyczne przebarwienia. Proponujemy również preparaty mające na celu likwidację kamienia nazębnego, zmniejszające nadwrażliwość zębów oraz przeciwdziałające krwawieniu dziąseł."
szczoteczki manualne,Higiena jamy ustnej,1,"Pielęgnacja jamy ustnej nie powinna ograniczać się do porannego i wieczornego szczotkowania zębów. By ochronić zęby przed kwasami, a także zmniejszyć ryzyko wystąpienia próchnicy i chorób dziąseł, warto sięgnąć po odpowiednie akcesoria. Poza szczoteczkami do zębów, w tej kategorii oferujemy szeroki wybór nici dentystycznych oraz czyścików międzyzębowych."
nawilżacze i oczyszczacze powietrza,Sprzęt medyczny,1,
pomiar wagi,Sprzęt medyczny,1,
alkomaty,Sprzęt medyczny,1,
nieświeży oddech,Higiena jamy ustnej,1,"Nieświeży oddech to jedna z tych przypadłości, które potrafią skutecznie uprzykrzyć życie. Wszystkim osobom borykającym się z przykrym zapachem z ust, proponujemy szeroką gamę tabletek, żeli, odświeżaczy oraz gum do żucia. Produkty te zostały opracowane w ten sposób, by zapewniać długotrwały efekt świeżości, przeciwdziałając jednocześnie rozwojowi drobnoustrojów."
artykuły kosmetyczno-higieniczne,Artykuły higieniczne,1,"Artykuły dostępne w tej kategorii są przeznaczone do celów higieniczno-kosmetycznych. Chusteczki higieniczne, płatki i waciki, patyczki do czyszczenia uszu oraz podkładki toaletowe doskonale sprawdzają się do pielęgnacji oraz zachowania higieny zarówno u osób dorosłych, jak i dzieci. Wszystkie wyroby cechują się najwyższą jakością wykonania i posiadają niezbędne atesty."
irygatory do nosa,Sprzęt medyczny,1,
inne,Sprzęt medyczny,1,
baterie,Sprzęt medyczny,1,
inhalatory,Sprzęt medyczny,1,
akcesoria medyczne,Sprzęt medyczny,1,"Znajdujące się w ofercie naszej apteki akcesoria medyczne są wykonywane z najwyższej jakości tworzyw. Dostępne artykuły znajdują zastosowanie zarówno w placówkach medycznych, jak i w ośrodkach zajmujących się prowadzeniem kursów pierwszej pomocy przedlekarskiej. Oferujemy szeroki wybór dozowników do leków, zakraplaczy do oczu, apteczek 
i wielu innych akcesoriów. "
zasilacze,Sprzęt medyczny,1,
ciśnieniomierze,Sprzęt medyczny,1,"Dostępne w naszej aptece ciśnieniomierze naramienne oraz nadgarstkowe umożliwiają samodzielny pomiar ciśnienia krwi. Każde urządzenie spełnia rygorystyczne normy i może być stosowane zarówno w warunkach domowych, jak i ambulatoryjnych. Oferowane ciśnieniomierze cechują się prostą obsługą oraz wysoką wiarygodnością wyników."
termometry,Sprzęt medyczny,1,"Termometry stanowią sprzęt niezastąpiony w każdej domowej apteczce. Przy ich pomocy można szybko i precyzyjnie zmierzyć temperaturę ciała, otoczenia lub płynów. Oferujemy szeroki wybór niezawodnych termometrów, które są bezpieczne i łatwe w obsłudze. W asortymencie posiadamy termometry elektroniczne, bezrtęciowe oraz bezdotykowe do skroni i ucha."
prostata,Dla niego,1,"Masz problemy z prostatą? Dostępne w naszej aptece leki i suplementy diety pomogą zwalczyć Ci uciążliwe objawy związane z przerostem gruczołu krokowego. Proponujemy szeroki wybór preparatów zawierających starannie dobrane kompozycje ziół, witamin oraz mikroelementów o korzystnym działaniu na gruczoł prostaty i pęcherz, a także przeciwdziałających zaburzeniom funkcji seksualnych."
irygatory ginekologiczne,Sprzęt medyczny,1,
glukometry,Sprzęt medyczny,1,"Glukometry to urządzenia, które są dedykowane diabetykom w celu systematycznego mierzenia poziomu cukru we krwi. Są one proste w obsłudze, a uzyskiwane wyniki mogą pomóc lekarzowi w podjęciu odpowiednich decyzji dotyczących leczenia cukrzycy. Dostępne w naszej aptece glukometry różnią się od siebie rodzajem oraz liczbą funkcji, które mają do zaoferowania."
potencja,Dla niego,1,"Mężczyznom zmagającym się z impotencją i zaburzeniami erekcji proponujemy szeroki wybór preparatów na potencję, które wspomagają aktywność seksualną i pozwalają na nowo czerpać radość z intymnych zbliżeń. Oferujemy zarówno leki zawierające hormony steroidowe, jak i środki witaminowo-ziołowe. Preparaty te poprawiają potencję i zwiększają wrażliwość seksualną."
irygatory do zębów,Sprzęt medyczny,1,
stetoskopy,Sprzęt medyczny,1,"Badanie pacjenta przeprowadzane przy pomocy stetoskopu jest jedną z najczęstszych czynności lekarskich. Stetoskop służy głównie do osłuchiwania płuc oraz serca. W ofercie posiadamy wyłącznie stetoskopy pochodzące od sprawdzonych firm, które zostały wyprodukowane z zastosowaniem innowacyjnych technologii. Oferujemy stetoskopy kardiologiczne, internistyczne oraz pediatryczne."
aparaty do masażu stóp,Sprzęt medyczny,1,
pielęgnacja twarzy,Dla niego,1,"Mężczyznom, którzy jak najdłużej chcą zachować młody i atrakcyjny wygląd, proponujemy bogatą gamę preparatów pielęgnacyjnych do twarzy. Dostępne kremy, żele, koncentraty pod oczy oraz  balsamy nie tylko doskonale nawilżają i regenerują cerę, ale także zapewniają efektywną pielęgnację przeciwstarzeniową, przeciwdziałając wolnym rodnikom i eliminując oznaki zmęczenia."
akcesoria do ciśnieniomierzy,Sprzęt medyczny,1,"Mankiety i zasilacze sieciowe to przykładowe akcesoria do ciśnieniomierzy, które można znaleźć w tej kategorii. Wszystkie oferowane produkty cechują się wysoką funkcjonalnością, gwarantując niezawodną i bezpieczną pracę urządzeń przeznaczonych do pomiaru ciśnienia tętniczego krwi. Dostawcami akcesoriów są renomowani producenci, tacy jak OMRON, HI-TECH MEDICAL oraz NOVAMED."
pielęgnacja włosów,Dla niego,1,"Wypielęgnowane włosy to podstawowy element wizerunku każdego zadbanego mężczyzny. By fryzura była piękna i zdrowa, warto sięgnąć po właściwy szampon oraz odżywkę kondycjonującą. Obok preparatów przeciwłupieżowych, proponujemy szeroki wybór szamponów nawilżających i przeciwdziałających siwieniu włosów. W asortymencie można znaleźć również produkty dla mężczyzn z dolegliwościami alergicznymi."
pielęgnacja ciała,Dla niego,1,"Oferujemy szeroką gamę kosmetyków dla mężczyzn do pielęgnacji ciała oraz dbania o higienę intymną. W asortymencie apteki znajdują się między innymi szampony, balsamy do ciała oraz żele pod prysznic 3w1. Niektóre preparaty posiadają hipoalergiczną formułę i mogą być stosowane do pielęgnacji skóry wrażliwej, ze skłonnością do podrażnień, alergii oraz atopii."
